customer_id,order_date,total_amount
313,2024-06-08,72.32
907,2024-04-21,455.98
322,2024-05-11,197.08
11,2024-03-07,123.91
117,2024-08-02,162.31
831,2024-01-09,243.43
163,2024-08-19,338.98
493,2024-03-11,310.51
217,2024-01-10,390.48
223,2024-07-29,143.18
699,2024-05-06,175.07
920,2024-06-05,304.61
986,2024-04-26,120.23
652,2024-02-22,256.58
745,2024-05-11,490.82
588,2024-06-02,139.68
561,2024-04-08,131.01
224,2024-06-04,386.96
883,2024-09-01,95.63
307,2024-01-09,82.09
413,2024-02-01,168.16
770,2024-03-05,372.69
912,2024-08-17,80.01
693,2024-03-19,471.32
381,2024-02-09,146.11
96,2024-03-22,123.82
451,2024-02-04,107.7
689,2024-02-03,307.52
663,2024-02-14,411.61
789,2024-06-10,229.05
783,2024-01-22,76.87
625,2024-04-27,179.46
751,2024-05-09,83.37
350,2024-05-22,479.18
88,2024-02-04,428.19
844,2024-06-10,281.85
470,2024-08-20,424.42
201,2024-03-23,427.26
413,2024-05-19,166.66
198,2024-05-17,492.26
827,2024-04-12,161.98
84,2024-05-06,118.84
369,2024-07-25,144.34
947,2024-05-10,106.32
563,2024-03-15,300.66
599,2024-06-11,128.0
461,2024-01-01,311.76
685,2024-02-06,180.05
414,2024-02-03,475.58
130,2024-05-26,348.61
742,2024-05-25,402.74
112,2024-06-07,346.47
415,2024-02-10,315.01
644,2024-06-25,198.8
566,2024-02-04,366.42
676,2024-01-30,136.54
166,2024-05-02,283.61
236,2024-01-11,143.98
268,2024-05-27,265.68
148,2024-09-03,160.01
810,2024-02-14,266.09
202,2024-05-05,222.29
358,2024-09-04,246.76
436,2024-02-08,439.59
17,2024-05-13,65.91
364,2024-01-08,355.12
443,2024-02-14,282.33
938,2024-03-23,205.4
201,2024-01-14,119.41
293,2024-06-26,223.28
221,2024-04-14,373.09
648,2024-03-08,267.61
724,2024-08-28,112.97
258,2024-03-30,402.11
479,2024-02-28,293.56
583,2024-04-02,284.69
974,2024-05-06,325.3
140,2024-07-26,199.23
161,2024-05-03,130.85
378,2024-03-22,487.24
851,2024-07-06,113.68
503,2024-04-08,151.86
320,2024-08-14,136.15
530,2024-07-13,391.16
596,2024-03-21,440.64
201,2024-06-20,474.64
641,2024-03-04,219.37
677,2024-06-11,112.12
178,2024-04-04,176.07
406,2024-01-20,312.63
799,2024-03-23,246.05
635,2024-04-02,340.12
579,2024-01-20,486.85
223,2024-09-01,153.23
990,2024-05-26,467.11
47,2024-08-20,447.5
682,2024-05-13,261.57
437,2024-01-18,375.11
394,2024-01-18,445.43
784,2024-03-31,81.74
59,2024-04-09,455.85
696,2024-06-29,128.31
100,2024-07-20,229.24
106,2024-04-09,485.41
238,2024-04-30,358.08
408,2024-06-27,482.47
631,2024-06-04,339.64
81,2024-06-19,226.25
477,2024-01-01,286.79
771,2024-08-05,90.15
617,2024-06-12,397.62
381,2024-07-07,425.25
440,2024-07-22,212.52
907,2024-06-02,101.61
23,2024-01-26,468.2
338,2024-06-02,85.14
643,2024-08-14,310.34
26,2024-08-27,479.08
851,2024-08-18,305.17
200,2024-05-12,182.5
976,2024-02-24,98.64
310,2024-05-23,56.91
908,2024-03-29,214.03
318,2024-07-21,347.67
239,2024-05-18,178.99
320,2024-01-10,314.13
12,2024-01-25,459.81
698,2024-08-06,105.61
324,2024-09-07,480.1
112,2024-03-21,487.69
824,2024-01-08,311.39
683,2024-07-21,95.09
728,2024-08-24,250.22
474,2024-04-04,240.12
76,2024-05-29,155.74
348,2024-01-11,152.42
108,2024-06-27,212.15
703,2024-02-17,311.51
52,2024-04-18,334.33
534,2024-03-21,320.02
299,2024-08-24,318.18
214,2024-07-22,213.35
511,2024-06-04,235.56
242,2024-07-11,385.23
273,2024-04-08,406.08
77,2024-03-10,358.23
656,2024-08-31,79.41
844,2024-06-09,247.97
741,2024-09-03,240.86
461,2024-02-12,76.18
58,2024-06-16,376.95
217,2024-06-06,124.99
811,2024-05-07,293.31
714,2024-02-06,423.91
676,2024-06-02,263.88
178,2024-02-26,83.79
862,2024-05-14,226.87
114,2024-01-17,391.83
6,2024-06-29,481.62
779,2024-01-07,126.99
515,2024-04-19,465.86
366,2024-04-22,75.39
752,2024-04-29,451.43
231,2024-01-11,242.72
824,2024-09-08,146.47
938,2024-07-09,485.78
642,2024-01-09,482.07
439,2024-04-22,217.41
331,2024-03-30,248.81
549,2024-01-21,480.61
923,2024-02-07,217.56
376,2024-06-21,244.66
449,2024-02-15,351.56
72,2024-06-08,283.31
123,2024-05-18,298.35
451,2024-05-30,359.0
375,2024-07-24,425.74
836,2024-02-23,202.07
510,2024-03-06,475.1
358,2024-03-29,326.33
819,2024-05-30,367.28
192,2024-08-05,181.1
4,2024-03-06,448.38
397,2024-02-01,116.67
170,2024-06-25,170.58
568,2024-04-08,145.38
132,2024-04-06,235.73
328,2024-07-14,128.68
271,2024-08-14,378.71
373,2024-04-25,118.27
108,2024-08-03,139.79
492,2024-06-06,218.44
414,2024-07-14,422.35
320,2024-05-07,150.02
491,2024-04-27,401.49
683,2024-05-01,356.75
123,2024-06-24,333.51
251,2024-04-27,449.78
536,2024-04-01,291.77
592,2024-05-14,412.22
929,2024-01-10,376.92
578,2024-03-07,139.36
265,2024-05-08,359.73
555,2024-02-25,311.53
293,2024-03-26,100.45
227,2024-06-26,108.82
573,2024-01-21,206.54
421,2024-01-15,162.99
991,2024-02-12,209.79
308,2024-09-04,407.75
973,2024-07-19,455.08
353,2024-02-06,437.71
169,2024-02-14,333.06
187,2024-07-21,101.85
832,2024-05-16,480.61
268,2024-03-17,404.14
543,2024-04-27,258.92
321,2024-05-15,181.47
699,2024-07-23,86.37
135,2024-07-31,313.89
261,2024-02-06,362.08
260,2024-01-17,204.94
435,2024-05-11,244.66
645,2024-03-09,388.55
46,2024-04-12,442.21
484,2024-04-20,422.71
43,2024-01-27,131.94
221,2024-09-01,336.31
527,2024-08-09,78.35
417,2024-09-07,117.72
784,2024-06-26,372.16
747,2024-05-18,333.34
977,2024-02-27,408.16
346,2024-03-15,267.6
600,2024-04-22,447.81
579,2024-05-07,56.81
814,2024-01-13,234.67
89,2024-07-01,57.56
930,2024-02-07,432.22
883,2024-01-10,181.37
20,2024-03-05,142.4
609,2024-09-08,172.71
423,2024-01-31,70.31
4,2024-01-22,122.1
900,2024-02-07,240.35
136,2024-01-27,395.21
747,2024-06-17,125.13
668,2024-07-14,301.87
793,2024-07-18,238.74
102,2024-04-19,52.25
544,2024-08-01,471.65
526,2024-06-04,124.87
212,2024-08-17,287.28
168,2024-01-18,349.85
160,2024-04-11,357.17
240,2024-05-09,324.68
393,2024-04-01,347.78
149,2024-02-12,61.22
956,2024-06-13,421.3
230,2024-08-18,321.59
353,2024-04-22,414.88
919,2024-02-18,387.39
468,2024-01-15,416.13
819,2024-02-01,291.6
906,2024-08-24,225.55
229,2024-05-19,317.7
295,2024-03-22,230.18
391,2024-01-22,126.99
384,2024-09-01,76.8
289,2024-06-25,66.15
404,2024-05-02,57.62
384,2024-06-02,67.28
773,2024-07-07,280.26
515,2024-03-03,125.3
726,2024-08-11,328.47
507,2024-07-14,386.85
642,2024-03-19,63.03
403,2024-02-05,419.56
633,2024-08-08,110.64
368,2024-06-13,471.64
943,2024-03-13,314.2
671,2024-03-30,71.36
798,2024-04-09,451.65
149,2024-07-30,184.83
908,2024-05-23,147.73
529,2024-04-21,421.57
563,2024-08-06,146.56
204,2024-07-12,233.82
923,2024-06-04,194.9
397,2024-04-15,445.62
874,2024-01-05,485.63
722,2024-08-15,228.5
375,2024-02-07,106.49
701,2024-07-27,68.06
629,2024-06-13,494.5
88,2024-06-28,497.51
996,2024-05-22,287.11
629,2024-02-12,89.99
5,2024-02-25,371.86
166,2024-04-12,206.83
837,2024-01-14,353.0
420,2024-08-24,200.3
739,2024-03-25,482.53
16,2024-08-16,173.53
458,2024-09-02,156.06
661,2024-06-10,308.67
258,2024-07-02,411.89
584,2024-04-04,386.49
575,2024-04-25,289.5
80,2024-06-04,210.31
363,2024-05-18,183.33
997,2024-04-17,59.58
683,2024-02-15,454.79
87,2024-05-01,231.53
409,2024-04-05,298.19
299,2024-06-18,382.43
948,2024-05-21,436.48
38,2024-03-01,402.73
557,2024-05-02,126.42
988,2024-03-07,452.91
348,2024-06-13,90.46
708,2024-04-05,129.09
771,2024-03-28,426.25
205,2024-08-25,177.12
97,2024-04-23,205.14
62,2024-08-06,248.21
672,2024-02-09,110.28
545,2024-06-11,173.63
438,2024-07-23,277.61
860,2024-01-26,155.66
556,2024-07-16,304.2
888,2024-01-22,111.35
408,2024-08-18,116.75
538,2024-06-01,160.69
798,2024-04-12,96.37
386,2024-02-05,348.65
459,2024-07-26,86.83
63,2024-08-04,100.69
324,2024-03-23,463.27
651,2024-03-12,245.91
98,2024-03-17,284.34
461,2024-04-24,330.73
835,2024-07-24,101.64
578,2024-02-11,213.43
69,2024-02-26,400.77
773,2024-02-13,476.55
11,2024-07-31,230.58
774,2024-04-23,155.18
918,2024-06-27,244.19
339,2024-05-20,347.04
206,2024-04-11,188.22
955,2024-05-06,468.08
209,2024-06-02,191.68
680,2024-03-06,254.5
908,2024-06-18,418.06
43,2024-08-18,406.95
11,2024-06-01,182.24
744,2024-01-09,232.59
424,2024-05-27,136.04
592,2024-05-23,265.55
760,2024-06-07,368.31
873,2024-03-04,190.76
241,2024-07-03,468.72
757,2024-04-25,145.42
464,2024-07-13,298.47
518,2024-06-10,73.82
891,2024-02-15,157.36
103,2024-06-24,51.53
862,2024-03-18,218.1
181,2024-02-09,488.17
121,2024-03-02,459.34
357,2024-03-16,456.95
871,2024-02-05,96.6
302,2024-02-14,369.47
889,2024-04-03,281.88
249,2024-01-18,294.87
996,2024-08-18,246.01
966,2024-04-24,390.48
409,2024-06-05,162.04
144,2024-01-04,356.19
773,2024-07-30,322.85
17,2024-01-17,291.31
439,2024-02-13,284.28
904,2024-05-12,481.6
679,2024-03-29,318.15
279,2024-05-25,440.46
574,2024-02-23,97.62
939,2024-07-21,57.43
587,2024-04-02,492.41
953,2024-04-11,353.33
856,2024-04-23,116.74
678,2024-06-09,445.79
153,2024-04-01,253.4
70,2024-04-25,268.34
532,2024-04-14,474.35
755,2024-04-12,259.76
703,2024-08-15,225.8
380,2024-02-23,295.59
731,2024-02-20,306.51
516,2024-02-27,75.01
902,2024-01-04,245.26
212,2024-02-04,497.94
513,2024-08-14,305.2
565,2024-07-13,231.48
13,2024-05-17,198.09
199,2024-05-15,303.94
70,2024-02-08,206.51
270,2024-03-04,404.12
107,2024-06-07,326.04
162,2024-01-12,129.31
758,2024-03-10,238.83
703,2024-08-28,87.02
935,2024-08-14,90.19
154,2024-06-15,241.73
295,2024-09-06,226.89
583,2024-06-23,155.69
797,2024-01-31,280.9
315,2024-01-04,459.29
853,2024-08-01,165.99
547,2024-01-30,277.84
41,2024-05-21,262.87
459,2024-06-09,130.27
354,2024-02-05,448.24
404,2024-08-07,422.14
603,2024-01-07,103.08
591,2024-07-13,131.71
385,2024-07-29,371.58
384,2024-06-14,50.94
901,2024-08-14,220.24
908,2024-05-12,415.98
684,2024-05-23,156.03
801,2024-07-01,370.44
108,2024-04-03,183.15
785,2024-02-28,155.2
235,2024-03-17,190.12
891,2024-04-22,382.3
765,2024-08-17,421.25
836,2024-02-25,479.35
733,2024-02-15,369.8
56,2024-03-28,394.82
377,2024-02-10,203.66
841,2024-04-09,213.68
824,2024-06-25,346.71
347,2024-06-21,426.65
90,2024-02-18,239.85
779,2024-04-11,301.75
546,2024-06-17,246.02
562,2024-03-03,226.54
716,2024-01-14,205.93
482,2024-02-17,378.61
1,2024-05-12,428.23
64,2024-09-07,162.63
118,2024-08-29,329.41
565,2024-05-26,63.43
584,2024-06-19,321.42
908,2024-01-27,384.1
367,2024-05-31,333.71
45,2024-01-28,260.41
854,2024-02-20,53.87
749,2024-09-08,253.56
206,2024-06-30,145.01
490,2024-09-01,189.54
737,2024-01-11,366.74
289,2024-02-06,376.16
828,2024-06-04,442.54
866,2024-02-24,439.37
522,2024-04-29,80.44
423,2024-08-05,251.07
956,2024-02-05,225.4
832,2024-08-05,210.1
565,2024-04-02,353.78
888,2024-01-15,168.97
367,2024-06-20,292.96
179,2024-06-04,250.11
75,2024-05-06,136.39
153,2024-02-05,454.31
382,2024-01-21,418.43
125,2024-07-26,62.29
708,2024-06-25,340.45
972,2024-01-04,182.72
28,2024-03-04,317.88
369,2024-07-04,94.95
320,2024-01-27,286.29
876,2024-01-13,318.33
25,2024-04-30,124.49
854,2024-03-12,344.94
765,2024-01-29,256.98
291,2024-04-01,479.02
355,2024-06-24,373.41
919,2024-04-01,479.0
79,2024-03-10,70.67
768,2024-04-15,192.94
70,2024-03-18,79.43
130,2024-04-07,92.43
327,2024-06-19,225.38
400,2024-07-19,376.3
717,2024-01-24,210.79
814,2024-04-23,126.48
310,2024-01-02,418.82
823,2024-08-28,106.48
730,2024-08-25,495.07
698,2024-07-13,230.37
246,2024-09-06,80.0
231,2024-06-06,401.08
515,2024-02-02,239.69
759,2024-09-05,207.18
983,2024-03-28,447.19
748,2024-05-11,186.99
646,2024-04-16,113.83
661,2024-01-05,414.27
472,2024-07-03,318.34
159,2024-08-09,313.83
939,2024-07-08,430.35
486,2024-07-01,53.44
585,2024-03-01,329.12
696,2024-05-26,68.4
604,2024-08-06,306.03
951,2024-01-18,141.18
533,2024-03-10,85.27
393,2024-05-19,240.67
209,2024-02-24,146.33
218,2024-08-04,254.83
428,2024-06-02,200.39
310,2024-05-30,337.91
231,2024-07-12,408.82
79,2024-05-04,90.09
672,2024-03-27,444.32
239,2024-04-28,438.04
247,2024-06-20,106.24
53,2024-07-14,105.22
96,2024-04-24,417.84
663,2024-08-25,212.52
816,2024-03-24,211.85
814,2024-07-18,319.81
790,2024-04-01,305.91
724,2024-04-15,73.52
385,2024-03-07,343.25
679,2024-04-23,255.23
946,2024-08-30,353.85
895,2024-04-08,167.33
74,2024-07-28,97.4
698,2024-05-13,281.23
164,2024-06-17,368.77
108,2024-03-26,147.16
385,2024-06-23,208.5
108,2024-02-27,328.34
64,2024-02-01,465.5
602,2024-06-18,241.14
437,2024-02-18,309.35
443,2024-05-30,176.54
341,2024-01-28,120.76
376,2024-02-20,448.25
966,2024-06-08,342.43
486,2024-06-07,287.78
808,2024-07-26,420.3
244,2024-03-13,292.93
46,2024-01-31,146.63
608,2024-05-02,458.55
82,2024-09-01,105.51
966,2024-04-06,138.21
802,2024-07-11,360.5
400,2024-02-17,326.53
38,2024-09-06,307.96
3,2024-05-03,452.38
196,2024-09-04,157.19
629,2024-08-28,382.65
593,2024-04-27,393.24
543,2024-07-05,340.14
966,2024-05-03,87.7
562,2024-07-30,428.87
844,2024-02-14,254.39
515,2024-05-23,187.42
568,2024-03-15,92.63
986,2024-05-09,109.67
252,2024-01-18,427.5
248,2024-05-11,252.91
66,2024-01-30,61.1
528,2024-08-20,151.51
456,2024-07-06,380.68
492,2024-05-08,88.96
228,2024-07-23,64.43
37,2024-01-18,105.28
720,2024-06-24,135.96
705,2024-02-07,419.52
551,2024-01-29,215.18
416,2024-02-08,425.48
885,2024-03-09,149.04
820,2024-02-26,397.43
894,2024-08-19,114.26
762,2024-06-20,369.73
136,2024-04-01,155.28
197,2024-03-11,463.21
358,2024-04-26,382.78
986,2024-02-29,268.18
667,2024-04-20,492.26
964,2024-06-30,287.63
505,2024-03-06,185.85
822,2024-06-20,496.06
827,2024-07-18,446.12
130,2024-01-05,462.8
223,2024-03-07,178.45
219,2024-07-14,139.53
570,2024-08-06,208.0
936,2024-08-06,168.17
76,2024-01-08,101.22
483,2024-05-24,456.18
136,2024-04-24,63.15
844,2024-07-13,263.84
584,2024-07-03,295.46
548,2024-07-31,293.92
353,2024-02-01,494.8
697,2024-06-03,204.54
412,2024-01-15,384.41
92,2024-05-24,466.57
649,2024-05-06,488.54
199,2024-04-03,366.8
585,2024-07-20,360.04
184,2024-02-16,168.33
576,2024-03-24,167.57
31,2024-04-19,482.49
980,2024-05-11,423.38
406,2024-07-15,199.77
544,2024-03-11,56.57
571,2024-07-28,74.73
607,2024-09-05,171.5
637,2024-02-28,444.72
738,2024-08-25,290.75
913,2024-04-26,246.81
780,2024-04-09,298.44
839,2024-08-15,483.17
494,2024-06-19,439.42
645,2024-06-16,256.04
964,2024-02-05,439.12
628,2024-04-18,121.28
89,2024-03-31,441.68
539,2024-08-02,279.86
148,2024-02-14,455.95
161,2024-02-26,133.01
854,2024-06-18,60.99
865,2024-05-13,239.87
160,2024-01-03,308.67
747,2024-02-13,252.56
729,2024-01-27,371.21
853,2024-02-04,207.77
704,2024-07-08,265.05
584,2024-08-02,385.52
901,2024-02-06,499.96
622,2024-07-26,276.24
538,2024-03-28,268.51
861,2024-08-03,312.65
340,2024-05-09,407.67
329,2024-03-17,209.52
293,2024-06-24,271.28
189,2024-03-14,434.52
183,2024-08-20,341.74
246,2024-08-06,456.05
511,2024-07-02,490.02
109,2024-05-10,157.17
762,2024-09-06,148.14
353,2024-03-31,99.9
897,2024-07-28,281.16
414,2024-04-04,62.85
514,2024-02-21,472.01
601,2024-06-17,487.19
567,2024-02-13,305.28
562,2024-05-16,244.17
577,2024-05-05,360.61
372,2024-05-16,316.82
95,2024-08-21,206.24
700,2024-02-09,129.4
765,2024-07-23,306.48
984,2024-06-01,294.21
968,2024-05-21,461.24
810,2024-02-23,486.05
850,2024-06-12,162.25
582,2024-03-16,307.81
335,2024-07-06,74.65
87,2024-01-23,442.97
415,2024-05-03,443.74
72,2024-07-23,320.86
64,2024-07-21,53.12
596,2024-05-23,370.3
398,2024-06-24,445.13
191,2024-07-07,298.78
103,2024-05-15,499.99
658,2024-01-26,477.61
19,2024-03-14,159.22
405,2024-04-29,132.22
45,2024-03-06,343.18
528,2024-03-17,93.1
572,2024-04-08,71.32
268,2024-02-28,488.58
112,2024-03-06,339.91
444,2024-02-03,314.35
930,2024-05-02,210.44
621,2024-07-08,179.09
396,2024-01-13,445.12
151,2024-04-01,361.63
244,2024-06-05,66.51
393,2024-04-29,239.12
776,2024-02-27,316.52
726,2024-08-30,294.6
462,2024-05-28,140.98
60,2024-07-27,445.85
456,2024-06-29,140.29
261,2024-02-10,316.97
909,2024-08-02,386.26
150,2024-03-17,153.37
967,2024-05-16,224.03
976,2024-06-06,490.83
734,2024-05-16,112.99
835,2024-04-18,399.54
194,2024-01-23,322.42
591,2024-01-19,81.99
190,2024-08-18,314.96
39,2024-04-19,374.0
720,2024-02-28,62.93
386,2024-08-05,200.56
307,2024-03-10,406.23
159,2024-02-12,393.86
883,2024-02-27,102.68
574,2024-03-30,272.78
599,2024-03-03,324.23
612,2024-01-18,270.88
749,2024-06-16,407.45
386,2024-06-30,364.77
13,2024-03-06,444.03
437,2024-01-14,285.51
271,2024-07-16,483.9
700,2024-06-29,103.38
382,2024-05-06,289.31
115,2024-01-11,318.55
303,2024-01-09,391.39
260,2024-02-16,477.82
158,2024-04-13,466.74
248,2024-01-19,418.19
905,2024-05-13,258.09
941,2024-03-03,351.42
968,2024-07-22,293.83
476,2024-01-31,334.7
353,2024-03-05,153.26
956,2024-03-22,170.53
212,2024-08-30,165.69
757,2024-04-14,213.48
478,2024-05-13,321.0
628,2024-06-02,413.1
127,2024-07-14,271.3
66,2024-04-17,467.27
539,2024-08-06,212.76
198,2024-04-27,340.63
751,2024-08-16,482.87
301,2024-03-12,155.52
16,2024-01-11,375.2
15,2024-02-28,410.12
885,2024-02-23,269.83
315,2024-06-17,292.15
888,2024-07-29,368.45
269,2024-01-05,409.51
69,2024-07-06,271.74
848,2024-09-04,438.4
958,2024-04-13,442.61
417,2024-07-12,299.28
756,2024-01-26,494.38
352,2024-06-26,495.84
861,2024-04-13,270.76
695,2024-04-23,153.8
986,2024-03-04,326.2
611,2024-07-31,315.63
808,2024-02-12,214.59
679,2024-07-23,99.34
912,2024-03-18,302.61
932,2024-02-14,314.02
230,2024-07-30,98.97
196,2024-07-14,426.82
541,2024-07-02,278.13
701,2024-05-11,165.49
397,2024-01-29,475.83
730,2024-06-20,226.48
106,2024-01-15,382.79
907,2024-04-21,486.9
977,2024-01-25,112.69
16,2024-05-06,106.92
185,2024-02-04,96.59
42,2024-06-03,155.58
90,2024-06-13,62.63
987,2024-06-10,195.28
793,2024-01-25,136.61
122,2024-04-01,383.1
709,2024-02-21,416.69
461,2024-01-05,67.4
407,2024-04-30,458.89
808,2024-07-07,373.15
385,2024-05-25,108.15
846,2024-03-06,152.35
759,2024-03-24,460.06
467,2024-08-23,137.99
332,2024-03-18,221.07
707,2024-06-30,342.81
416,2024-08-24,361.01
229,2024-05-22,293.7
871,2024-03-11,285.79
599,2024-03-02,340.07
892,2024-01-24,394.49
287,2024-03-30,354.44
178,2024-06-02,219.94
626,2024-02-21,290.22
590,2024-02-04,126.04
131,2024-03-05,371.9
333,2024-07-09,55.99
124,2024-06-11,52.34
73,2024-06-01,248.82
103,2024-03-17,158.9
527,2024-03-22,146.88
34,2024-06-11,415.11
892,2024-06-14,137.97
326,2024-04-23,460.46
900,2024-06-28,472.61
46,2024-08-16,214.91
370,2024-06-20,249.16
301,2024-08-18,128.23
499,2024-06-25,477.98
389,2024-06-13,283.57
464,2024-01-12,60.41
90,2024-02-12,409.06
683,2024-08-06,228.51
103,2024-09-05,411.55
144,2024-06-23,441.99
949,2024-04-29,119.66
954,2024-01-23,441.07
227,2024-02-27,469.36
728,2024-05-27,197.17
239,2024-05-11,184.45
504,2024-08-07,162.83
881,2024-06-04,207.24
989,2024-07-29,296.02
231,2024-01-20,216.63
356,2024-07-30,246.18
5,2024-07-03,164.95
235,2024-01-31,56.11
710,2024-05-31,474.32
295,2024-08-15,242.68
992,2024-02-09,446.3
883,2024-04-15,385.98
347,2024-05-15,163.33
413,2024-08-23,174.1
573,2024-08-19,283.31
222,2024-01-24,222.89
653,2024-04-25,405.42
4,2024-02-19,398.82
580,2024-04-29,365.11
272,2024-06-10,60.95
482,2024-02-17,116.3
313,2024-08-20,73.84
585,2024-06-08,320.24
313,2024-03-21,489.14
73,2024-05-24,399.16
413,2024-03-31,279.71
782,2024-06-16,268.11
648,2024-08-11,134.35
184,2024-03-19,392.97
196,2024-01-27,379.39
318,2024-02-13,213.38
252,2024-01-16,73.35
211,2024-04-12,227.46
487,2024-07-20,51.82
621,2024-07-05,139.79
869,2024-01-09,149.83
942,2024-04-03,146.63
47,2024-05-05,177.32
305,2024-03-07,116.77
361,2024-04-08,303.9
127,2024-07-25,173.61
773,2024-02-08,348.71
787,2024-02-07,274.09
602,2024-01-16,127.79
447,2024-05-21,252.31
903,2024-03-14,213.94
547,2024-06-04,149.48
99,2024-02-01,202.41
51,2024-08-12,289.66
352,2024-07-07,437.37
567,2024-03-06,138.18
532,2024-05-01,426.87
785,2024-08-05,430.59
238,2024-01-29,441.11
404,2024-04-30,231.07
287,2024-04-10,101.55
882,2024-02-08,360.28
836,2024-03-14,408.64
777,2024-06-08,287.25
706,2024-04-30,231.58
855,2024-08-16,350.73
95,2024-03-28,56.19
926,2024-08-18,249.46
793,2024-05-21,436.62
979,2024-01-15,411.21
468,2024-01-01,471.15
736,2024-04-04,254.62
812,2024-02-25,474.3
975,2024-03-27,195.06
693,2024-07-13,231.14
927,2024-08-30,108.02
288,2024-01-18,450.93
281,2024-05-06,419.77
388,2024-05-15,475.55
393,2024-08-27,156.98
25,2024-07-05,413.23
240,2024-02-19,403.48
825,2024-05-30,193.5
702,2024-01-13,394.92
589,2024-08-19,53.3
537,2024-03-04,76.94
641,2024-08-30,127.86
85,2024-02-15,468.93
724,2024-02-29,185.31
780,2024-06-09,280.39
730,2024-04-27,335.41
935,2024-08-04,154.96
54,2024-02-02,443.39
889,2024-05-14,180.55
509,2024-02-04,376.78
817,2024-07-26,299.73
322,2024-01-04,421.34
852,2024-02-28,122.55
626,2024-04-19,130.11
871,2024-07-20,441.33
104,2024-02-05,282.16
702,2024-02-05,306.89
867,2024-02-12,411.88
69,2024-05-01,397.0
95,2024-06-12,133.02
245,2024-01-06,482.04
541,2024-03-10,203.51
423,2024-06-02,133.62
396,2024-02-14,277.68
185,2024-03-01,72.98
818,2024-02-06,363.81
384,2024-04-30,112.96
286,2024-03-25,310.42
956,2024-08-09,80.24
728,2024-04-20,469.72
30,2024-02-22,188.06
345,2024-04-16,210.78
250,2024-03-20,378.69
268,2024-07-08,422.02
525,2024-07-15,332.15
46,2024-07-07,302.46
547,2024-01-09,263.82
42,2024-09-05,57.12
163,2024-05-31,246.38
858,2024-08-03,400.64
617,2024-07-21,114.74
870,2024-03-20,458.77
425,2024-04-06,470.53
136,2024-06-27,311.93
886,2024-05-15,292.67
381,2024-05-23,317.96
310,2024-07-31,365.17
939,2024-08-24,259.61
20,2024-09-02,252.82
689,2024-08-21,465.72
563,2024-03-18,162.7
598,2024-04-14,112.1
999,2024-08-25,484.16
658,2024-05-31,286.15
208,2024-02-21,355.32
587,2024-01-21,109.81
403,2024-05-20,343.74
82,2024-06-01,276.54
257,2024-04-28,128.86
650,2024-08-07,125.19
521,2024-03-12,206.21
230,2024-03-27,347.04
199,2024-01-10,474.32
828,2024-05-30,142.08
858,2024-05-02,315.32
657,2024-02-06,369.13
734,2024-06-10,239.79
821,2024-08-31,393.62
504,2024-01-03,436.63
975,2024-05-08,62.69
786,2024-08-04,85.88
704,2024-04-04,151.5
268,2024-07-31,91.87
641,2024-06-05,374.56
908,2024-05-28,337.91
701,2024-07-06,206.28
258,2024-04-15,342.7
592,2024-05-17,232.32
949,2024-01-19,396.29
775,2024-07-16,389.58
486,2024-06-02,496.2
610,2024-07-28,361.78
831,2024-07-04,380.82
6,2024-02-09,295.45
290,2024-01-16,72.12
213,2024-01-18,222.9
310,2024-05-17,90.35
713,2024-03-26,342.95
66,2024-05-08,111.57
595,2024-01-09,291.84
689,2024-08-17,263.78
861,2024-02-17,404.56
534,2024-02-03,323.25
986,2024-09-04,168.54
159,2024-02-23,472.36
63,2024-09-06,372.9
461,2024-04-20,266.73
565,2024-02-24,274.28
905,2024-05-31,159.27
227,2024-05-16,356.07
808,2024-08-28,164.06
15,2024-06-29,305.16
175,2024-06-09,101.24
9,2024-03-16,93.0
687,2024-02-13,481.48
853,2024-09-03,422.83
773,2024-05-02,267.18
613,2024-07-19,272.83
7,2024-08-07,398.81
645,2024-02-03,413.6
976,2024-03-08,61.47
164,2024-01-06,390.34
790,2024-08-06,422.96
645,2024-03-19,459.02
936,2024-03-12,130.08
584,2024-01-18,220.5
585,2024-03-04,219.1
250,2024-06-25,412.91
561,2024-03-07,230.59
564,2024-06-05,77.73
406,2024-07-09,393.22
14,2024-03-11,92.75
282,2024-01-05,479.66
681,2024-03-19,289.35
976,2024-02-19,113.29
484,2024-05-01,299.66
437,2024-08-12,59.65
675,2024-06-04,153.92
208,2024-01-30,336.39
845,2024-04-16,315.52
954,2024-02-17,219.26
393,2024-07-14,68.8
880,2024-05-21,289.74
240,2024-02-08,310.26
536,2024-03-11,399.18
408,2024-07-20,470.34
605,2024-02-07,84.05
442,2024-07-21,74.91
510,2024-07-12,244.33
694,2024-02-10,394.08
670,2024-04-07,146.29
238,2024-05-11,68.27
845,2024-06-23,193.83
234,2024-02-08,427.88
982,2024-03-02,206.93
591,2024-07-25,188.46
527,2024-03-18,250.25
662,2024-07-25,64.9
372,2024-04-10,347.52
574,2024-06-11,73.83
974,2024-02-15,325.68
928,2024-08-01,121.64
648,2024-03-04,446.17
452,2024-01-12,400.35
493,2024-01-24,493.35
684,2024-03-10,451.92
871,2024-01-29,252.11
838,2024-02-04,364.48
486,2024-01-02,309.89
515,2024-07-05,423.23
460,2024-01-04,346.36
793,2024-03-12,105.49
29,2024-03-14,377.14
485,2024-01-02,261.7
383,2024-01-17,214.82
368,2024-06-22,121.11
583,2024-07-07,391.91
299,2024-06-26,460.26
248,2024-06-15,321.15
845,2024-07-07,152.12
567,2024-05-03,119.28
657,2024-05-06,210.33
318,2024-03-04,454.75
523,2024-09-08,51.79
185,2024-06-12,168.12
81,2024-03-03,95.8
555,2024-03-23,66.38
734,2024-05-14,208.53
230,2024-01-21,496.65
739,2024-06-19,287.87
935,2024-05-05,404.32
348,2024-01-11,355.2
991,2024-01-08,495.1
560,2024-02-25,302.77
947,2024-02-05,386.64
997,2024-07-07,54.63
911,2024-06-12,268.65
645,2024-03-21,238.5
604,2024-06-01,237.39
728,2024-07-15,211.28
765,2024-06-28,487.58
588,2024-06-08,394.87
920,2024-02-04,65.62
65,2024-01-20,252.66
2,2024-06-22,265.0
619,2024-01-02,289.49
453,2024-02-18,142.43
744,2024-01-01,278.93
365,2024-04-05,285.99
994,2024-08-31,258.05
43,2024-06-10,337.27
143,2024-03-13,347.21
326,2024-06-02,146.38
51,2024-05-04,220.06
534,2024-06-14,469.38
111,2024-07-12,62.49
775,2024-04-08,390.33
712,2024-05-03,406.02
9,2024-08-22,238.85
565,2024-03-04,203.94
738,2024-03-30,275.83
783,2024-01-18,296.39
998,2024-04-02,382.97
262,2024-03-29,124.92
991,2024-01-29,311.31
532,2024-02-29,193.02
995,2024-01-13,153.02
713,2024-07-22,256.61
284,2024-06-18,236.9
114,2024-08-21,193.97
949,2024-04-26,134.52
73,2024-01-24,236.04
994,2024-02-27,393.57
450,2024-06-02,87.31
420,2024-03-01,361.15
321,2024-06-01,371.21
274,2024-02-09,150.34
408,2024-04-01,159.43
169,2024-05-30,353.56
729,2024-01-18,493.74
179,2024-05-21,291.14
624,2024-06-20,82.46
201,2024-05-03,215.95
105,2024-08-13,268.21
515,2024-09-03,453.97
54,2024-07-22,474.49
162,2024-01-28,76.3
884,2024-08-20,94.96
14,2024-07-21,130.28
343,2024-02-19,175.33
119,2024-02-02,96.11
250,2024-05-10,424.8
534,2024-06-06,236.75
854,2024-07-11,212.25
100,2024-03-07,199.01
994,2024-03-13,177.64
190,2024-03-01,188.17
261,2024-06-09,408.51
942,2024-07-24,171.93
289,2024-01-07,60.66
925,2024-05-20,396.81
122,2024-07-18,323.48
130,2024-04-07,426.71
906,2024-03-22,385.27
490,2024-06-28,123.01
577,2024-07-24,477.55
433,2024-03-18,61.64
77,2024-06-02,104.06
718,2024-02-10,359.96
202,2024-02-26,337.84
272,2024-08-19,99.86
487,2024-07-26,345.33
138,2024-02-05,472.26
19,2024-02-09,422.26
923,2024-08-12,490.99
461,2024-07-16,340.35
522,2024-01-21,129.7
696,2024-04-26,479.72
837,2024-04-16,147.72
236,2024-07-04,451.39
566,2024-04-24,472.71
899,2024-07-06,492.76
750,2024-06-07,382.92
554,2024-05-31,294.89
652,2024-06-27,488.86
776,2024-07-28,72.61
410,2024-08-29,211.51
172,2024-02-04,424.83
675,2024-08-17,168.51
14,2024-04-16,432.34
698,2024-03-23,255.57
789,2024-03-05,104.78
964,2024-05-04,170.66
468,2024-06-05,353.75
683,2024-05-19,262.81
600,2024-03-19,367.53
732,2024-03-02,303.9
783,2024-06-03,284.19
913,2024-04-30,354.45
450,2024-01-10,278.1
240,2024-04-06,268.57
379,2024-06-21,455.98
86,2024-08-15,395.88
179,2024-05-30,481.36
172,2024-04-07,391.77
965,2024-07-15,105.58
386,2024-04-29,465.78
9,2024-06-17,349.42
334,2024-08-21,119.66
192,2024-02-01,376.28
956,2024-05-25,204.78
297,2024-03-03,121.96
34,2024-01-06,382.77
953,2024-01-02,60.08
300,2024-03-19,421.34
375,2024-04-05,103.78
999,2024-06-05,144.5
922,2024-01-03,97.44
766,2024-02-12,447.31
781,2024-04-21,449.94
294,2024-03-27,397.69
840,2024-08-18,304.67
124,2024-06-07,410.8
547,2024-08-03,96.06
561,2024-01-06,445.29
677,2024-05-06,340.12
220,2024-02-09,189.99
341,2024-01-19,152.73
155,2024-03-04,366.25
109,2024-04-24,319.45
954,2024-01-14,78.41
994,2024-04-25,268.37
112,2024-07-20,279.01
117,2024-05-01,59.82
425,2024-02-09,364.12
616,2024-08-25,74.85
74,2024-05-19,308.98
188,2024-08-19,129.66
807,2024-07-11,317.1
922,2024-03-24,447.56
367,2024-08-15,272.72
461,2024-04-19,135.13
341,2024-03-27,251.46
351,2024-02-27,146.38
716,2024-04-08,315.06
18,2024-01-21,262.3
467,2024-03-19,336.77
775,2024-02-04,459.5
488,2024-05-08,300.28
121,2024-05-16,193.0
168,2024-05-04,389.74
92,2024-05-22,117.85
32,2024-04-06,374.21
760,2024-09-08,377.31
316,2024-04-03,370.09
521,2024-08-24,187.49
846,2024-01-10,62.45
132,2024-01-05,386.07
129,2024-07-13,412.49
495,2024-02-22,444.87
581,2024-01-05,211.24
866,2024-08-30,416.44
716,2024-03-10,482.34
516,2024-08-09,201.36
947,2024-06-20,323.87
186,2024-08-31,485.05
679,2024-09-01,277.4
324,2024-07-30,286.46
226,2024-04-11,123.42
566,2024-07-03,275.88
590,2024-05-27,72.62
258,2024-02-19,241.75
692,2024-06-04,156.66
530,2024-07-11,77.52
575,2024-08-31,95.11
655,2024-03-13,311.33
832,2024-08-02,83.7
309,2024-02-27,126.43
740,2024-02-17,117.19
377,2024-06-07,469.85
7,2024-05-30,233.49
810,2024-04-29,273.81
462,2024-01-14,334.09
859,2024-01-17,66.79
313,2024-09-07,177.38
38,2024-04-15,243.86
380,2024-05-25,375.49
139,2024-01-05,359.68
229,2024-08-03,61.1
736,2024-03-10,333.5
128,2024-03-22,422.16
111,2024-09-01,439.4
310,2024-07-31,344.46
102,2024-05-04,68.77
487,2024-01-10,435.93
159,2024-02-06,311.68
917,2024-05-07,267.76
467,2024-05-11,268.82
274,2024-07-31,368.47
124,2024-03-05,439.48
352,2024-05-18,278.36
24,2024-04-01,93.43
924,2024-07-30,211.06
60,2024-02-17,178.6
533,2024-04-24,471.1
421,2024-08-18,252.02
900,2024-06-07,334.21
242,2024-01-18,137.83
541,2024-07-21,94.42
141,2024-08-11,383.04
613,2024-07-14,351.51
875,2024-01-17,480.94
783,2024-07-08,65.71
287,2024-09-04,333.5
505,2024-05-06,492.53
857,2024-02-16,238.89
140,2024-05-15,372.69
623,2024-08-06,361.78
378,2024-02-19,493.47
544,2024-07-01,289.7
120,2024-01-21,493.83
56,2024-06-11,402.01
572,2024-07-19,366.83
689,2024-06-09,352.28
501,2024-01-20,185.43
957,2024-05-18,302.18
312,2024-05-02,154.27
44,2024-03-19,146.52
158,2024-08-02,225.32
558,2024-04-30,189.81
477,2024-07-10,492.92
124,2024-07-21,466.46
959,2024-07-06,88.08
439,2024-04-10,213.68
540,2024-01-22,193.88
563,2024-05-23,433.88
163,2024-03-28,303.01
253,2024-02-20,109.59
321,2024-06-15,467.79
925,2024-08-23,289.6
55,2024-03-28,134.41
318,2024-05-07,319.22
272,2024-06-11,446.96
274,2024-03-08,244.49
693,2024-03-27,159.63
571,2024-03-03,57.41
70,2024-05-05,120.9
652,2024-02-18,314.08
269,2024-07-07,473.89
739,2024-06-20,362.8
463,2024-07-23,293.43
642,2024-03-04,114.86
195,2024-05-06,156.94
476,2024-03-06,192.6
974,2024-05-04,120.2
709,2024-03-31,149.83
462,2024-01-21,132.33
81,2024-02-27,184.2
6,2024-08-18,461.01
339,2024-02-20,245.96
129,2024-02-05,323.11
489,2024-02-15,77.75
72,2024-02-28,223.71
136,2024-07-01,140.78
813,2024-04-09,400.41
412,2024-06-20,92.59
489,2024-08-25,410.71
31,2024-06-27,488.73
573,2024-01-11,355.44
134,2024-03-08,323.96
991,2024-05-27,390.05
521,2024-06-07,84.66
279,2024-04-22,377.41
780,2024-08-25,72.87
404,2024-01-24,91.81
227,2024-05-10,184.16
895,2024-02-13,340.31
429,2024-01-16,127.81
432,2024-02-12,370.11
291,2024-04-08,177.51
535,2024-01-05,464.35
688,2024-02-27,345.15
612,2024-04-06,330.59
891,2024-03-31,363.98
388,2024-03-25,250.69
353,2024-04-03,231.05
265,2024-04-25,108.28
369,2024-07-04,441.54
591,2024-07-06,64.51
220,2024-01-09,425.21
82,2024-06-14,66.22
462,2024-04-12,248.34
107,2024-04-24,123.01
382,2024-07-30,302.15
296,2024-06-15,289.72
436,2024-03-13,172.4
583,2024-02-03,395.15
601,2024-06-26,64.9
112,2024-01-15,372.78
989,2024-08-11,237.56
833,2024-01-31,243.96
440,2024-08-27,437.36
924,2024-03-18,431.79
611,2024-01-29,263.83
864,2024-02-13,136.72
730,2024-06-01,378.45
932,2024-08-20,291.18
450,2024-03-04,85.53
984,2024-06-16,233.16
85,2024-06-14,465.54
247,2024-01-10,76.51
839,2024-06-25,193.29
674,2024-05-13,233.57
492,2024-03-31,420.91
940,2024-02-02,308.71
99,2024-04-05,57.54
502,2024-02-25,451.12
711,2024-08-18,75.73
996,2024-05-05,200.78
418,2024-08-23,289.65
970,2024-08-18,412.68
233,2024-01-01,202.35
745,2024-03-18,56.15
894,2024-08-17,479.21
257,2024-03-11,487.98
932,2024-02-29,151.67
550,2024-08-24,125.57
252,2024-03-03,289.39
381,2024-06-13,259.87
229,2024-06-06,460.43
626,2024-03-03,303.13
30,2024-06-08,453.11
741,2024-03-18,422.89
611,2024-05-04,279.33
655,2024-02-26,305.67
73,2024-05-27,62.68
418,2024-08-29,61.4
969,2024-03-31,255.98
479,2024-05-11,92.07
953,2024-02-06,77.21
858,2024-03-25,301.88
687,2024-08-11,373.25
454,2024-05-29,82.63
474,2024-05-14,431.94
360,2024-06-25,407.39
603,2024-05-22,319.81
427,2024-08-09,312.45
251,2024-04-15,248.58
995,2024-01-24,319.86
696,2024-02-14,341.13
930,2024-08-15,406.58
193,2024-02-05,389.46
593,2024-05-24,255.1
380,2024-07-09,328.93
440,2024-06-04,406.82
565,2024-07-20,301.32
905,2024-07-04,101.51
790,2024-08-26,328.66
703,2024-04-30,433.0
794,2024-06-01,141.77
784,2024-07-10,408.43
759,2024-05-05,422.27
526,2024-03-14,101.53
25,2024-07-26,355.65
34,2024-03-05,443.78
965,2024-09-05,97.07
936,2024-08-31,228.87
219,2024-08-03,331.23
919,2024-07-21,182.42
461,2024-06-23,394.34
509,2024-06-23,245.18
305,2024-02-24,119.21
787,2024-06-03,464.62
887,2024-03-14,427.8
983,2024-07-15,326.45
731,2024-08-17,457.54
898,2024-08-21,341.01
745,2024-03-16,84.61
590,2024-06-22,184.69
225,2024-02-04,103.7
717,2024-04-10,80.39
164,2024-08-01,87.49
12,2024-05-24,364.01
680,2024-07-25,331.46
626,2024-05-26,162.46
625,2024-05-03,82.64
791,2024-07-26,208.62
200,2024-03-26,355.26
196,2024-05-19,444.83
735,2024-07-27,372.13
724,2024-02-21,81.45
621,2024-07-15,333.95
999,2024-06-21,73.44
756,2024-04-18,134.59
259,2024-06-09,264.12
93,2024-02-11,97.72
885,2024-04-24,141.8
900,2024-04-06,383.77
199,2024-02-21,226.33
